INSERT INTO users (id, username, email, password, role, image_url, created_at) VALUES
(1,  'admin',   'admin@sitme.com',  '$2a$12$X1W1O3oiCmoNffQnCXato./fd0980sACZhf/xvFrAUddOoZWKvdv6', 'ADMIN', 'https://res.cloudinary.com/dnrtgr353/image/upload/v1758668987/sitme/users/admin_image.png_20250924010946.png', NOW()),
(2,  'debora',  'debora@sitme.com', '$2a$12$X1W1O3oiCmoNffQnCXato./fd0980sACZhf/xvFrAUddOoZWKvdv6', 'USER', 'https://res.cloudinary.com/dnrtgr353/image/upload/v1758734517/sitme/users/user_1.png_20250924192156.png', NOW()),
(3,  'roberto', 'roberto@sitme.com','$2a$12$X1W1O3oiCmoNffQnCXato./fd0980sACZhf/xvFrAUddOoZWKvdv6', 'USER', 'https://res.cloudinary.com/dnrtgr353/image/upload/v1759396050/user_2_fcdycl.png', NOW()),
(4,  'jenni',   'jenni@sitme.com',  '$2a$12$X1W1O3oiCmoNffQnCXato./fd0980sACZhf/xvFrAUddOoZWKvdv6', 'USER', 'https://res.cloudinary.com/dnrtgr353/image/upload/v1759396123/user_3_q6mbxt.png', NOW()),
(5,  'carmen',  'carmen@sitme.com', '$2a$12$X1W1O3oiCmoNffQnCXato./fd0980sACZhf/xvFrAUddOoZWKvdv6', 'USER', 'https://res.cloudinary.com/dnrtgr353/image/upload/v1759396146/user_4_nael4r.png', NOW()),
(6,  'maribel', 'maribel@sitme.com','$2a$12$X1W1O3oiCmoNffQnCXato./fd0980sACZhf/xvFrAUddOoZWKvdv6', 'USER', 'https://res.cloudinary.com/dnrtgr353/image/upload/v1759396189/user_5_maxdip.png', NOW()),
(7,  'paula',   'paula@sitme.com',  '$2a$12$X1W1O3oiCmoNffQnCXato./fd0980sACZhf/xvFrAUddOoZWKvdv6', 'USER', 'https://res.cloudinary.com/dnrtgr353/image/upload/v1759396220/user_6_u107ae.png', NOW()),
(8,  'luis',    'luis@sitme.com',   '$2a$12$X1W1O3oiCmoNffQnCXato./fd0980sACZhf/xvFrAUddOoZWKvdv6', 'USER', 'https://res.cloudinary.com/dnrtgr353/image/upload/v1759396274/user_7_vkgnig.png', NOW()),
(9,  'ana',     'ana@sitme.com',    '$2a$12$X1W1O3oiCmoNffQnCXato./fd0980sACZhf/xvFrAUddOoZWKvdv6', 'USER', 'https://res.cloudinary.com/dnrtgr353/image/upload/v1759396297/user_8_ik22ai.png', NOW()),
(10, 'sergio',  'sergio@sitme.com', '$2a$12$X1W1O3oiCmoNffQnCXato./fd0980sACZhf/xvFrAUddOoZWKvdv6', 'USER', 'https://res.cloudinary.com/dnrtgr353/image/upload/v1759396331/user_9_vkumma.png', NOW()),
(11, 'marta',   'marta@sitme.com',  '$2a$12$X1W1O3oiCmoNffQnCXato./fd0980sACZhf/xvFrAUddOoZWKvdv6', 'USER', 'https://res.cloudinary.com/dnrtgr353/image/upload/v1759396797/user_10_f5p4f6.png', NOW());
INSERT INTO spaces (id, name, capacity, type, image_url, created_at) VALUES
(1,  'R-001', 8,  'ROOM', 'https://res.cloudinary.com/dnrtgr353/image/upload/v1759392481/room-001_e5twcg.png', NOW()),
(2,  'R-002', 6,  'ROOM', 'https://res.cloudinary.com/dnrtgr353/image/upload/v1759392249/room-002_kroqgj.png', NOW()),
(3,  'R-003', 10, 'ROOM', 'https://res.cloudinary.com/dnrtgr353/image/upload/v1759392249/room-003_lktppl.png', NOW()),
(4,  'R-004', 12, 'ROOM', 'https://res.cloudinary.com/dnrtgr353/image/upload/v1759392245/room-004_vonsik.png', NOW()),
(5,  'R-005', 4,  'ROOM', 'https://res.cloudinary.com/dnrtgr353/image/upload/v1759392532/room-005_rh0gyi.png', NOW()),
(6,  'R-006', 6,  'ROOM', 'https://res.cloudinary.com/dnrtgr353/image/upload/v1759392252/room-006_tf6qvs.png', NOW()),
(7,  'R-007', 8,  'ROOM', 'https://res.cloudinary.com/dnrtgr353/image/upload/v1759392242/room-007_n8suom.png', NOW()),
(8,  'R-008', 10, 'ROOM', 'https://res.cloudinary.com/dnrtgr353/image/upload/v1759392243/room-008_xwocis.png', NOW()),
(9,  'R-009', 6,  'ROOM', 'https://res.cloudinary.com/dnrtgr353/image/upload/v1759392243/room-008_xwocis.png', NOW()),
(10, 'R-010', 14, 'ROOM', 'https://res.cloudinary.com/dnrtgr353/image/upload/v1759394523/room-010_rzvqv6.png', NOW()),

(11, 'T-001', 1, 'TABLE', 'https://res.cloudinary.com/dnrtgr353/image/upload/v1759392242/table-001_rcbxby.png', NOW()),
(12, 'T-002', 1, 'TABLE', 'https://res.cloudinary.com/dnrtgr353/image/upload/v1759392243/table-002_ovv2cw.png', NOW()),
(13, 'T-003', 1, 'TABLE', 'https://res.cloudinary.com/dnrtgr353/image/upload/v1759392248/table-003_f7vrxa.png', NOW()),
(14, 'T-004', 1, 'TABLE', 'https://res.cloudinary.com/dnrtgr353/image/upload/v1759392243/table-004_rzyf2f.png', NOW()),
(15, 'T-005', 1, 'TABLE', 'https://res.cloudinary.com/dnrtgr353/image/upload/v1759392247/table-005_meq81b.png', NOW()),
(16, 'T-006', 1, 'TABLE', 'https://res.cloudinary.com/dnrtgr353/image/upload/v1759392248/table-006_qth08t.png', NOW()),
(17, 'T-007', 1, 'TABLE', 'https://res.cloudinary.com/dnrtgr353/image/upload/v1759392242/table-007_lx9fu1.png', NOW()),
(18, 'T-008', 1, 'TABLE', 'https://res.cloudinary.com/dnrtgr353/image/upload/v1759394675/table-008_msjpwq.png', NOW()),
(19, 'T-009', 1, 'TABLE', 'https://res.cloudinary.com/dnrtgr353/image/upload/v1759394686/table-009_kiscxy.png', NOW()),
(20, 'T-010', 1, 'TABLE', 'https://res.cloudinary.com/dnrtgr353/image/upload/v1759394689/table-010_d3jds9.png', NOW()),
(21, 'T-011', 1, 'TABLE', 'https://res.cloudinary.com/dnrtgr353/image/upload/v1759392242/table-001_rcbxby.png', NOW()),
(22, 'T-012', 1, 'TABLE', 'https://res.cloudinary.com/dnrtgr353/image/upload/v1759392243/table-002_ovv2cw.png', NOW()),
(23, 'T-013', 1, 'TABLE', 'https://res.cloudinary.com/dnrtgr353/image/upload/v1759392248/table-003_f7vrxa.png', NOW()),
(24, 'T-014', 1, 'TABLE', 'https://res.cloudinary.com/dnrtgr353/image/upload/v1759392243/table-004_rzyf2f.png', NOW()),
(25, 'T-015', 1, 'TABLE', 'https://res.cloudinary.com/dnrtgr353/image/upload/v1759392247/table-005_meq81b.png', NOW()),
(26, 'T-016', 1, 'TABLE', 'https://res.cloudinary.com/dnrtgr353/image/upload/v1759392248/table-006_qth08t.png', NOW()),
(27, 'T-017', 1, 'TABLE', 'https://res.cloudinary.com/dnrtgr353/image/upload/v1759392242/table-007_lx9fu1.png', NOW()),
(28, 'T-018', 1, 'TABLE', 'https://res.cloudinary.com/dnrtgr353/image/upload/v1759394675/table-008_msjpwq.png', NOW()),
(29, 'T-019', 1, 'TABLE', 'https://res.cloudinary.com/dnrtgr353/image/upload/v1759394686/table-009_kiscxy.png', NOW()),
(30, 'T-020', 1, 'TABLE', 'https://res.cloudinary.com/dnrtgr353/image/upload/v1759394689/table-010_d3jds9.png', NOW());
INSERT INTO reservations (id, user_id, space_id, reservation_date, time_slot, status, email_sent, created_at) VALUES
(1,  2,  1,  '2025-09-12', 'MORNING',   'COMPLETED',     TRUE,  NOW()),
(2,  3,  1,  '2025-09-12', 'AFTERNOON', 'COMPLETED',     TRUE,  NOW()),
(3,  4,  2,  '2025-09-13', 'FULL_DAY',  'COMPLETED',  TRUE,  NOW()),
(4,  5,  3,  '2025-10-13', 'MORNING',   'ACTIVE',     TRUE, NOW()),
(5,  6,  4,  '2025-10-14', 'AFTERNOON', 'ACTIVE',     TRUE,  NOW()),
(6,  7,  5,  '2025-09-14', 'FULL_DAY',  'CANCELLED',  TRUE, NOW()),
(7,  8,  6,  '2025-10-15', 'MORNING',   'ACTIVE',     TRUE,  NOW()),
(8,  9,  7,  '2025-09-15', 'AFTERNOON', 'COMPLETED',  TRUE,  NOW()),
(9,  10, 8,  '2025-10-16', 'MORNING',   'ACTIVE',     TRUE,  NOW()),
(10, 11, 9,  '2025-10-16', 'AFTERNOON', 'ACTIVE',     TRUE, NOW()),
(11, 2,  10, '2025-10-17', 'FULL_DAY',  'ACTIVE',     TRUE,  NOW()),
(12, 3,  11, '2025-09-12', 'MORNING',   'COMPLETED',  TRUE,  NOW()),
(13, 4,  12, '2025-10-12', 'AFTERNOON', 'ACTIVE',     TRUE,  NOW()),
(14, 5,  13, '2025-10-13', 'MORNING',   'ACTIVE',     TRUE,  NOW()),
(15, 6,  14, '2025-09-13', 'AFTERNOON', 'CANCELLED',  TRUE, NOW()),
(16, 7,  15, '2025-10-14', 'FULL_DAY',  'ACTIVE',     TRUE,  NOW()),
(17, 8,  16, '2025-10-14', 'MORNING',   'ACTIVE',     TRUE,  NOW()),
(18, 9,  17, '2025-09-15', 'AFTERNOON', 'COMPLETED',  TRUE,  NOW()),
(19, 10, 18, '2025-10-15', 'MORNING',   'ACTIVE',     TRUE, NOW()),
(20, 11, 19, '2025-10-16', 'AFTERNOON', 'ACTIVE',     TRUE,  NOW()),
(21, 2,  20, '2025-10-16', 'FULL_DAY',  'ACTIVE',     TRUE,  NOW()),
(22, 3,  21, '2025-10-17', 'MORNING',   'ACTIVE',     TRUE,  NOW()),
(23, 4,  22, '2025-10-17', 'AFTERNOON', 'ACTIVE',     TRUE,  NOW()),
(24, 5,  23, '2025-10-18', 'MORNING',   'ACTIVE',     TRUE,  NOW()),
(25, 6,  24, '2025-09-18', 'AFTERNOON', 'COMPLETED',  TRUE,  NOW());