INSERT INTO users (id, username, email, password, role, created_at) VALUES
(1,  'admin',   'admin@sitme.com',  '$2a$12$X1W1O3oiCmoNffQnCXato./fd0980sACZhf/xvFrAUddOoZWKvdv6', 'ROLE_ADMIN', NOW()),
(2,  'debora',  'debora@sitme.com', '$2a$12$X1W1O3oiCmoNffQnCXato./fd0980sACZhf/xvFrAUddOoZWKvdv6', 'ROLE_USER',  NOW()),
(3,  'roberto', 'roberto@sitme.com','$2a$12$X1W1O3oiCmoNffQnCXato./fd0980sACZhf/xvFrAUddOoZWKvdv6', 'ROLE_USER',  NOW()),
(4,  'jenni',   'jenni@sitme.com',  '$2a$12$X1W1O3oiCmoNffQnCXato./fd0980sACZhf/xvFrAUddOoZWKvdv6', 'ROLE_USER',  NOW()),
(5,  'carmen',  'carmen@sitme.com', '$2a$12$X1W1O3oiCmoNffQnCXato./fd0980sACZhf/xvFrAUddOoZWKvdv6', 'ROLE_USER',  NOW()),
(6,  'maribel', 'maribel@sitme.com','$2a$12$X1W1O3oiCmoNffQnCXato./fd0980sACZhf/xvFrAUddOoZWKvdv6', 'ROLE_USER',  NOW()),
(7,  'paula',   'paula@sitme.com',  '$2a$12$X1W1O3oiCmoNffQnCXato./fd0980sACZhf/xvFrAUddOoZWKvdv6', 'ROLE_USER',  NOW()),
(8,  'luis',    'luis@sitme.com',   '$2a$12$X1W1O3oiCmoNffQnCXato./fd0980sACZhf/xvFrAUddOoZWKvdv6', 'ROLE_USER',  NOW()),
(9,  'ana',     'ana@sitme.com',    '$2a$12$X1W1O3oiCmoNffQnCXato./fd0980sACZhf/xvFrAUddOoZWKvdv6', 'ROLE_USER',  NOW()),
(10, 'sergio',  'sergio@sitme.com', '$2a$12$X1W1O3oiCmoNffQnCXato./fd0980sACZhf/xvFrAUddOoZWKvdv6', 'ROLE_USER',  NOW()),
(11, 'marta',   'marta@sitme.com',  '$2a$12$X1W1O3oiCmoNffQnCXato./fd0980sACZhf/xvFrAUddOoZWKvdv6', 'ROLE_USER',  NOW());
INSERT INTO spaces (id, name, location, capacity, type, is_available, image_url, created_at) VALUES
(1,  'Room A', 'North Wing / Floor 1', 8,  'ROOM',  TRUE,  'https://picsum.photos/seed/roomA/600/400', NOW()),
(2,  'Room B', 'North Wing / Floor 1', 6,  'ROOM',  TRUE,  'https://picsum.photos/seed/roomB/600/400', NOW()),
(3,  'Room C', 'North Wing / Floor 2', 10, 'ROOM',  TRUE,  'https://picsum.photos/seed/roomC/600/400', NOW()),
(4,  'Room D', 'East Wing / Floor 2',  12, 'ROOM',  TRUE,  'https://picsum.photos/seed/roomD/600/400', NOW()),
(5,  'Room E', 'East Wing / Floor 3',  4,  'ROOM',  TRUE,  'https://picsum.photos/seed/roomE/600/400', NOW()),
(6,  'Room F', 'South Wing / Floor 1', 6,  'ROOM',  TRUE,  'https://picsum.photos/seed/roomF/600/400', NOW()),
(7,  'Room G', 'South Wing / Floor 2', 8,  'ROOM',  TRUE,  'https://picsum.photos/seed/roomG/600/400', NOW()),
(8,  'Room H', 'West Wing / Floor 1',  10, 'ROOM',  TRUE,  'https://picsum.photos/seed/roomH/600/400', NOW()),
(9,  'Room I', 'West Wing / Floor 3',  6,  'ROOM',  TRUE,  'https://picsum.photos/seed/roomI/600/400', NOW()),
(10, 'Room J', 'Central / Floor 2',    14, 'ROOM',  TRUE,  'https://picsum.photos/seed/roomJ/600/400', NOW()),
(11, 'Table 01', 'Open Space / Floor 1', 2, 'TABLE', TRUE,  'https://picsum.photos/seed/table01/600/400', NOW()),
(12, 'Table 02', 'Open Space / Floor 1', 2, 'TABLE', TRUE,  'https://picsum.photos/seed/table02/600/400', NOW()),
(13, 'Table 03', 'Open Space / Floor 1', 4, 'TABLE', TRUE,  'https://picsum.photos/seed/table03/600/400', NOW()),
(14, 'Table 04', 'Open Space / Floor 1', 4, 'TABLE', TRUE,  'https://picsum.photos/seed/table04/600/400', NOW()),
(15, 'Table 05', 'Open Space / Floor 2', 1, 'TABLE', TRUE,  'https://picsum.photos/seed/table05/600/400', NOW()),
(16, 'Table 06', 'Open Space / Floor 2', 1, 'TABLE', TRUE,  'https://picsum.photos/seed/table06/600/400', NOW()),
(17, 'Table 07', 'Open Space / Floor 2', 2, 'TABLE', TRUE,  'https://picsum.photos/seed/table07/600/400', NOW()),
(18, 'Table 08', 'Open Space / Floor 2', 2, 'TABLE', TRUE,  'https://picsum.photos/seed/table08/600/400', NOW()),
(19, 'Table 09', 'Cafe Corner / F1',     2, 'TABLE', TRUE,  'https://picsum.photos/seed/table09/600/400', NOW()),
(20, 'Table 10', 'Cafe Corner / F1',     2, 'TABLE', TRUE,  'https://picsum.photos/seed/table10/600/400', NOW()),
(21, 'Table 11', 'Cafe Corner / F1',     4, 'TABLE', TRUE,  'https://picsum.photos/seed/table11/600/400', NOW()),
(22, 'Table 12', 'Cafe Corner / F1',     4, 'TABLE', TRUE,  'https://picsum.photos/seed/table12/600/400', NOW()),
(23, 'Table 13', 'Focus Area / F3',      1, 'TABLE', TRUE,  'https://picsum.photos/seed/table13/600/400', NOW()),
(24, 'Table 14', 'Focus Area / F3',      1, 'TABLE', TRUE,  'https://picsum.photos/seed/table14/600/400', NOW()),
(25, 'Table 15', 'Focus Area / F3',      2, 'TABLE', TRUE,  'https://picsum.photos/seed/table15/600/400', NOW()),
(26, 'Table 16', 'Focus Area / F3',      2, 'TABLE', TRUE,  'https://picsum.photos/seed/table16/600/400', NOW()),
(27, 'Table 17', 'North Wing / F2',      2, 'TABLE', TRUE,  'https://picsum.photos/seed/table17/600/400', NOW()),
(28, 'Table 18', 'North Wing / F2',      2, 'TABLE', TRUE,  'https://picsum.photos/seed/table18/600/400', NOW()),
(29, 'Table 19', 'West Wing / F1',       4, 'TABLE', TRUE,  'https://picsum.photos/seed/table19/600/400', NOW()),
(30, 'Table 20', 'West Wing / F1',       4, 'TABLE', TRUE,  'https://picsum.photos/seed/table20/600/400', NOW());
INSERT INTO reservation
(id, user_id, space_id, reservation_date, time_slot, status, email_sent, created_at) VALUES
(1,  2,  1,  '2025-09-12', 'MORNING',   'ACTIVE',     TRUE,  NOW()),
(2,  3,  1,  '2025-09-12', 'AFTERNOON', 'ACTIVE',     TRUE,  NOW()),
(3,  4,  2,  '2025-09-13', 'FULL_DAY',  'COMPLETED',  TRUE,  NOW()),
(4,  5,  3,  '2025-09-13', 'MORNING',   'ACTIVE',     FALSE, NOW()),
(5,  6,  4,  '2025-09-14', 'AFTERNOON', 'ACTIVE',     TRUE,  NOW()),
(6,  7,  5,  '2025-09-14', 'FULL_DAY',  'CANCELLED',  FALSE, NOW()),
(7,  8,  6,  '2025-09-15', 'MORNING',   'ACTIVE',     TRUE,  NOW()),
(8,  9,  7,  '2025-09-15', 'AFTERNOON', 'COMPLETED',  TRUE,  NOW()),
(9,  10, 8,  '2025-09-16', 'MORNING',   'ACTIVE',     TRUE,  NOW()),
(10, 11, 9,  '2025-09-16', 'AFTERNOON', 'ACTIVE',     FALSE, NOW()),
(11, 2,  10, '2025-09-17', 'FULL_DAY',  'ACTIVE',     TRUE,  NOW()),
(12, 3,  11, '2025-09-12', 'MORNING',   'COMPLETED',  TRUE,  NOW()),
(13, 4,  12, '2025-09-12', 'AFTERNOON', 'ACTIVE',     TRUE,  NOW()),
(14, 5,  13, '2025-09-13', 'MORNING',   'ACTIVE',     TRUE,  NOW()),
(15, 6,  14, '2025-09-13', 'AFTERNOON', 'CANCELLED',  FALSE, NOW()),
(16, 7,  15, '2025-09-14', 'FULL_DAY',  'ACTIVE',     TRUE,  NOW()),
(17, 8,  16, '2025-09-14', 'MORNING',   'ACTIVE',     TRUE,  NOW()),
(18, 9,  17, '2025-09-15', 'AFTERNOON', 'COMPLETED',  TRUE,  NOW()),
(19, 10, 18, '2025-09-15', 'MORNING',   'ACTIVE',     FALSE, NOW()),
(20, 11, 19, '2025-09-16', 'AFTERNOON', 'ACTIVE',     TRUE,  NOW()),
(21, 2,  20, '2025-09-16', 'FULL_DAY',  'ACTIVE',     TRUE,  NOW()),
(22, 3,  21, '2025-09-17', 'MORNING',   'ACTIVE',     TRUE,  NOW()),
(23, 4,  22, '2025-09-17', 'AFTERNOON', 'ACTIVE',     TRUE,  NOW()),
(24, 5,  23, '2025-09-18', 'MORNING',   'ACTIVE',     TRUE,  NOW()),
(25, 6,  24, '2025-09-18', 'AFTERNOON', 'COMPLETED',  TRUE,  NOW());